room_type,lenght
Entire home/apt,14.17875057878909
Hotel room,14.458858387112928
Private room,12.438093829064243
Shared room,7.957415192185542
