room_type,lenght
Entire home/apt,27.603406619956512
Hotel room,26.177777777777777
Private room,21.36567762630313
Shared room,15.411764705882353
